Metric,ppo,eq,bh,mvo
Annual Return,0.3044608640639696,0.2797092565000873,0.24902515871952394,0.23129713052894393
Annual Volatility,0.3169410741571521,0.3193787486968923,0.2724060187714724,0.25948383826940735
Max Drawdown,-0.3926970188331604,-0.3789782610732477,-0.39728898457486317,-0.3657761031105918
Sharpe Ratio,1.5188286500436645,1.3062649389325656,1.3247785144229962,1.1774063121543532
